{
  "animation": [
    {
      "id": 200005,
      "name": "绿川光",
      "code": "mb73",
      "thumb": "http://39.108.155.202/images/200005.jpg",
      "url": "https://pan.baidu.com/s/1pLyr7Kn"
    },
    {
      "id": 200004,
      "name": "钢铁三国志",
      "code": "us55",
      "thumb": "http://39.108.155.202/images/200004.jpg",
      "url": "https://pan.baidu.com/s/1jHBIB0y"
    },
    {
      "id": 200003,
      "name": "没有钱",
      "code": "uidt",
      "thumb": "http://39.108.155.202/images/200003.jpg",
      "url": "https://pan.baidu.com/s/1kV45ujP"
    },
    {
      "id": 200002,
      "name": "恋爱暴君",
      "code": "66nr",
      "thumb": "http://39.108.155.202/images/200002.jpg",
      "url": "https://pan.baidu.com/s/1bp2JGZH"
    },
    {
      "id": 200001,
      "name": "银魂（剧场版）",
      "code": "mcym",
      "thumb": "http://39.108.155.202/images/200001.jpg",
      "url": "https://pan.baidu.com/s/1miR3QR2"
    }
  ]
}