{
  "movie": [
    {
      "id": 100005,
      "name": "安非他命",
      "code": "gtfp",
      "thumb": "http://39.108.155.202/images/100005.jpg",
      "url": "https://pan.baidu.com/s/1cbHsBG"
    },
    {
      "id": 100004,
      "name": "夜间飞行",
      "code": "7ntp",
      "thumb": "http://39.108.155.202/images/100004.jpg",
      "url": "https://pan.baidu.com/s/1eRBkQQI"
    },
    {
      "id": 100003,
      "name": "断背山",
      "code": "ppfr",
      "thumb": "http://39.108.155.202/images/100003.jpg",
      "url": "https://pan.baidu.com/s/1i57roC9"
    },
    {
      "id": 100002,
      "name": "霸王别姬",
      "code": "mvuw",
      "thumb": "http://39.108.155.202/images/100002.png",
      "url": "https://pan.baidu.com/s/1c1YV2F2"
    },
    {
      "id": 100001,
      "name": "夜宴",
      "code": "mryj",
      "thumb": "http://39.108.155.202/images/100001.jpg",
      "url": "https://pan.baidu.com/s/1jIqujdW"
    }
  ]
}